MonthlyChargesCluster,Churn
High,0.34558570937822053
Low,0.12142099681866383
Mid,0.283668903803132
