TenureCluster,Churn
High,0.09513175524787852
Low,0.4363446110917335
Mid,0.2102803738317757
