TotalChargesCluster,Churn
High,0.13820492454328834
Low,0.3213942307692308
Mid,0.22194668319900807
